STATE,Initial Claims,First Payments,Weeks Claimed,Weeks Compensated,Avg. Wkly Benefit,Benefits Paid,Final Payments
Alabama,12918,5250,75299,53716,237.56,12559666,1215
Alaska,5105,2239,33450,33608,275.62,9065613,623
Arizona,17551,4050,77961,54980,234.04,12746879,1388
Arkansas,8998,4332,57284,34786,277.70,9276482,1005
California,222158,102237,1545854,1379887,341.65,465399622,34854
Colorado,10920,7678,89285,79850,457.43,35875664,2251
Connecticut,19233,17211,171441,173993,424.27,69302079,2415
Delaware,3587,1927,26754,23705,291.34,6716921,351
District of Columbia,2631,1557,25481,26026,359.83,9054380,563
Florida,25980,10188,155821,104997,253.70,26298500,6635
Georgia,45981,22040,149796,118532,318.41,34753862,4103
Hawaii,5898,2245,28325,26765,540.98,14009030,435
Idaho,7538,4840,45556,36334,349.25,12168166,746
Illinois,55133,48856,560072,486165,419.42,203262847,6714
Indiana,16945,10424,114038,86767,307.30,26475501,1002
Iowa,17461,18970,128238,154466,426.64,63087185,1795
Kansas,10128,4492,47458,36492,401.90,14287921,1024
Kentucky,14700,7319,98923,88066,377.45,33370778,1394
Louisiana,9085,3488,59245,45436,218.91,9859509,988
Maine,5369,3593,35544,30384,355.11,10598036,308
Maryland,16103,9674,122636,114270,353.36,39201549,1782
Massachusetts,30077,24606,302850,289124,545.98,153772334,4575
Michigan,54329,45059,356257,327537,331.07,105387584,4977
Minnesota,20490,21128,270549,235966,487.69,112770538,2646
Mississippi,5119,2167,39703,24399,213.15,5105134,538
Missouri,28576,11540,121674,97008,267.83,25322389,1914
Montana,5154,3964,45011,34202,400.60,12613971,625
Nebraska,4097,3272,21064,23201,360.15,8245833,248
Nevada,10527,5207,79939,66985,378.49,24541991,1332
New Hampshire,2452,1535,16528,13397,333.42,4280903,154
New Jersey,51886,36426,475753,442938,470.88,199116065,8232
New Mexico,4186,2463,41232,34258,347.47,11791563,714
New York,78414,47288,699858,619727,388.60,229081420,9878
North Carolina,16944,6954,84228,55360,272.41,14903247,3285
North Dakota,3691,3555,27456,27391,485.79,13231281,534
Ohio,35215,27496,291887,247073,387.13,94749130,2845
Oklahoma,7810,4202,67460,61718,408.13,24786816,1511
Oregon,21455,10646,136482,114697,422.49,47808577,1891
Pennsylvania,85069,55085,594580,589092,405.77,227247119,8036
Puerto Rico,8762,4684,84047,66758,162.57,10650492,1413
Rhode Island,5841,4953,46099,41343,383.46,15425900,480
South Carolina,16202,7754,77967,57228,257.56,14850928,1551
South Dakota,1426,1277,12809,10604,361.02,3755143,44
Tennessee,12588,7770,79488,71689,241.32,17102869,1312
Texas,70098,37528,587083,520543,434.23,217761822,13709
Utah,6647,4338,48344,40265,428.73,16981227,623
Vermont,2666,2138,21157,21406,400.76,8055507,137
Virgin Islands,157,130,1761,2001,417.86,817269,45
Virginia,13522,15716,96630,78203,312.80,24094491,1648
Washington,35855,16736,250356,225617,488.15,105675080,3096
West Virginia,7918,7604,72697,72567,341.01,23957295,928
Wisconsin,32573,19152,198941,160415,331.33,49514598,1308
Wyoming,2338,1510,13879,15558,416.76,6400982,201
United States,1215506,736493,8912230,7877495,384.94,2947169688,152021
Alabama,7573,3579,64999,49223,242.67,11809374,1219
Alaska,3580,1682,31550,30521,272.65,8129812,596
Arizona,13374,3821,74901,52195,234.35,12125650,1264
Arkansas,5799,2845,50731,31896,283.32,8702043,1065
California,161349,80823,1458078,1314529,338.90,440124177,30937
Colorado,8090,6406,90978,81307,459.64,36697950,2001
Connecticut,10832,8437,158909,160028,425.19,64687529,2062
Delaware,2384,1927,25602,22285,298.45,6507130,294
District of Columbia,1862,1369,25111,24633,360.69,8577751,524
Florida,20600,9948,134740,87142,254.21,21871939,5901
Georgia,22452,9896,108726,82260,318.90,25351748,3655
Hawaii,4420,1457,24715,22218,543.06,11701207,397
Idaho,4314,2775,42474,35486,354.09,11995382,1069
Illinois,39916,26143,507465,458921,426.73,195257947,5965
Indiana,11332,7529,110483,90819,305.09,27483490,1025
Iowa,9747,7935,124017,123117,428.79,51507094,1477
Kansas,6836,3338,48039,38270,404.24,15148629,920
Kentucky,10138,4627,92253,83149,383.57,32004993,1152
Louisiana,7017,2765,57236,41792,220.40,9127127,927
Maine,3070,2190,35658,31939,356.95,11261830,319
Maryland,11031,5848,116062,105857,357.78,36999215,1537
Massachusetts,24418,17153,302319,277813,549.63,149894988,3969
Michigan,23589,18348,311734,284774,329.75,92148951,4761
Minnesota,14774,10807,253169,224930,487.56,107804542,2768
Mississippi,3460,1544,33534,21688,214.71,4575876,470
Missouri,11623,7865,106721,88725,272.71,23615089,1779
Montana,3187,2046,43662,34910,397.14,12687359,699
Nebraska,2244,1923,22232,22433,365.55,8106354,270
Nevada,9815,4751,79172,65299,378.31,23891392,1467
New Hampshire,2036,953,14999,11984,339.17,3956431,137
New Jersey,35250,22337,444929,422175,474.35,193928290,7953
New Mexico,3152,1903,39921,32819,350.50,11399970,840
New York,74202,39651,674060,601813,390.07,225566954,8794
North Carolina,10865,5909,81416,53836,271.71,14463533,2893
North Dakota,1777,1713,27476,29252,485.84,14144219,718
Ohio,27945,15732,278938,240904,394.42,94202449,2603
Oklahoma,5863,3334,64502,57763,409.15,23281101,1570
Oregon,16643,6842,124432,106357,419.62,44055326,1800
Pennsylvania,53125,30677,555922,474973,413.43,188578190,6184
Puerto Rico,5940,4301,82388,67262,161.00,10621012,1680
Rhode Island,4673,2717,45658,42653,387.99,16294690,478
South Carolina,7914,3612,66077,49947,262.11,13179288,1531
South Dakota,708,632,12795,11077,365.96,3993825,63
Tennessee,8120,5007,77746,70751,241.23,16911647,1244
Texas,51410,29460,521947,442955,437.60,187184291,11961
Utah,4362,2777,47764,40160,429.50,16958570,654
Vermont,2487,1237,19667,19493,409.40,7543453,131
Virgin Islands,164,138,1744,1803,433.36,763177,38
Virginia,11061,12278,92372,76840,318.85,24147923,1650
Washington,24894,11140,222262,202883,480.75,93839034,2969
West Virginia,4655,4549,68054,70849,339.60,23535125,833
Wisconsin,25273,11626,176941,152306,337.25,48162522,1200
Wyoming,1753,1128,14303,15858,418.32,6539708,234
United States,843098,479430,8291583,7284872,386.68,2753047296,138647
Alabama,150556,10150,120663,64722,248.65,15883922,1467
Alaska,30261,2039,44616,34559,273.14,9211360,975
Arizona,193236,3914,127179,68110,234.38,15789860,1604
Arkansas,52031,16847,77649,55952,271.47,14436507,1196
California,1654010,215234,2071528,1836915,336.78,607273388,35608
Colorado,108375,16497,134319,113259,455.64,50499094,2451
Connecticut,82041,29040,282211,231201,405.97,88963548,2558
Delaware,39249,10165,43091,38411,289.62,10832783,442
District of Columbia,39175,3120,57223,31731,366.26,11270916,610
Florida,372727,8980,173330,85295,254.57,21443452,4715
Georgia,312520,63320,349609,164329,297.62,45305582,3644
Hawaii,83622,3417,55959,29207,542.52,15347485,436
Idaho,62296,11457,69568,46889,343.60,15004063,1391
Illinois,432420,48850,641319,600343,418.56,249837156,6851
Indiana,280444,23744,283933,132282,296.82,38368642,1241
Iowa,126040,15846,219395,121881,417.96,48848277,1896
Kansas,103119,17560,83086,59120,393.05,22658227,1295
Kentucky,215419,17875,159083,113840,388.34,44292633,3745
Louisiana,219100,46968,190889,108459,210.62,22215850,1057
Maine,61014,17850,80173,66540,349.92,22966053,649
Maryland,189982,20635,201030,149402,352.62,51412721,2006
Massachusetts,408645,70296,673536,393581,557.19,214894226,5142
Michigan,656570,28890,561430,408797,326.15,130314810,1576
Minnesota,282933,6462,521986,396810,452.18,171947134,4514
Mississippi,60907,13374,55357,39244,211.92,7990137,499
Missouri,196436,20527,215701,123544,269.39,32173474,2349
Montana,44005,1678,74691,48722,388.88,17511864,1065
Nebraska,52974,3939,53206,25475,352.92,8871941,363
Nevada,208869,63192,228658,172863,371.43,61027404,1859
New Hampshire,80054,13813,61846,34703,307.27,9973652,133
New Jersey,445367,91605,662261,606528,460.60,267829890,10761
New Mexico,62526,8082,67524,47608,344.58,16257887,649
New York,663655,226106,1301610,1018981,382.71,374767206,11166
North Carolina,332141,20052,223873,84470,268.20,21905328,3326
North Dakota,25974,3678,41524,35955,481.45,17213448,1154
Ohio,577485,111262,780467,428709,378.76,159834687,3240
Oklahoma,94163,21261,114553,95160,389.99,35958694,1833
Oregon,110509,21085,244341,145942,416.74,60120164,2382
Pennsylvania,565647,21152,889250,455008,410.47,179095930,6370
Puerto Rico,96452,3255,77642,64028,162.05,10258621,1746
Rhode Island,60006,30611,105351,99773,352.04,34686060,759
South Carolina,140472,4399,131836,58893,263.52,15610877,2038
South Dakota,13958,802,18338,12865,362.40,4584636,108
Tennessee,183318,25132,185412,114914,242.03,27155429,1692
Texas,556280,72051,820198,594997,426.70,243254973,13530
Utah,64843,6942,85719,48682,426.27,20357732,1078
Vermont,47822,4686,42897,27042,396.79,9982327,161
Virgin Islands,2615,148,1907,2080,448.17,910545,40
Virginia,235849,111068,186456,164498,300.76,48345684,2253
Washington,406263,56552,502462,392552,464.50,165709816,4151
West Virginia,27154,12764,92782,91684,325.34,28783672,988
Wisconsin,239501,29272,397118,207690,326.95,64132057,1791
Wyoming,12775,1921,20722,21100,414.18,8576790,337
United States,11763805,1709565,14906507,10615345,377.93,3891898614,164890
Alabama,300079,177498,743187,644488,254.95,162659058,4812
Alaska,49769,31379,173288,148127,257.87,36817560,1259
Arizona,321397,162320,722443,588811,239.04,136867784,2002
Arkansas,139108,78216,389301,327144,236.80,74120948,1341
California,2354590,2040331,9901114,9005626,314.88,2816379041,47863
Colorado,255141,212161,821905,814630,391.25,313950730,3338
Connecticut,217671,80453,1094731,934465,294.87,273858281,3071
Delaware,43886,29420,164403,159459,272.02,42319240,492
District of Columbia,42011,40353,184434,193883,369.33,70098632,703
Florida,606591,295866,918981,767606,239.39,182971440,4859
Georgia,1353948,447682,2911704,1947987,269.09,503316771,4917
Hawaii,123958,57892,282942,207416,506.29,102776787,392
Idaho,60180,34357,269440,170528,303.09,48596669,1330
Illinois,517948,437299,2136252,1981798,357.34,704816520,7810
Indiana,349939,262912,1312658,1072748,272.72,286230600,739
Iowa,157324,135641,633362,652623,340.40,213451863,3338
Kansas,120681,88537,431433,357769,360.62,126408084,1420
Kentucky,417539,208678,958440,860305,356.64,306955618,606
Louisiana,330370,221108,992350,935016,195.32,175606961,1141
Maine,46687,48098,279109,264042,333.15,86870602,910
Maryland,267768,143915,840406,687573,333.02,224250704,2240
Massachusetts,353459,383921,1943962,1723282,531.09,909261601,7201
Michigan,677926,614369,3317182,2686557,333.15,876212170,7736
Minnesota,272310,3186,1581150,1444368,383.56,542283199,5915
Mississippi,157712,91489,457264,363510,206.18,72609861,630
Missouri,306982,171944,912413,854370,251.75,209548355,2543
Montana,45957,1311,224921,128678,367.68,44249154,1152
Nebraska,54881,21400,253934,132313,301.99,39050931,564
Nevada,207147,171822,1014528,825512,358.58,289677261,2221
New Hampshire,89948,58333,352524,205963,263.90,52551887,186
New Jersey,565952,320523,2024101,1817560,430.80,759617569,10984
New Mexico,61652,64270,300387,294877,314.11,89764660,982
New York,1163387,886925,5990530,4729185,361.70,1674931787,13209
North Carolina,478717,341830,1502185,1333269,242.44,309582744,5253
North Dakota,34781,35675,130882,144361,391.79,55895350,1437
Ohio,498852,392621,2634666,2066724,340.85,694177442,274
Oklahoma,219475,113553,484317,432471,336.34,144513419,1751
Oregon,212272,139256,969995,609397,443.25,267219766,2650
Pennsylvania,772678,668855,3968986,3206808,359.95,1110794776,9667
Puerto Rico,142673,86016,452050,375032,415.31,155040165,1899
Rhode Island,71616,57364,354871,348741,327.93,112542105,959
South Carolina,296188,201522,816746,724527,254.05,184495960,2575
South Dakota,20583,17816,81021,63742,292.17,18070357,143
Tennessee,269834,211730,1083174,1002427,227.99,222199975,2010
Texas,1197868,702478,3614022,2880564,358.22,990367706,15150
Utah,81018,63202,347078,227991,343.87,76716364,1250
Vermont,41114,46715,238945,218780,311.71,78074377,307
Virgin Islands,2654,883,5228,4880,408.84,1961537,63
Virginia,386126,597986,1294207,1244736,271.66,434760672,2588
Washington,475937,257741,1827312,1582263,447.51,661287513,5154
West Virginia,110111,73127,405736,354632,257.36,97268524,1420
Wisconsin,243208,183828,1225251,873386,297.29,242340494,3149
Wyoming,17150,11501,59752,60318,374.72,22277999,415
United States,17606753,12227308,66031203,55683268,334.30,18328669573,206020
Alabama,106301,70384,899144,820275,249.76,200641776,7455
Alaska,35424,11031,206439,171614,248.12,40806922,1306
Arizona,119809,59412,1034133,782641,240.68,182753379,2237
Arkansas,46153,31498,544426,465832,219.86,95966155,2403
California,1001409,872374,13411466,13118895,305.82,3940619018,58979
Colorado,75087,88883,1167327,1029297,375.25,376803227,3476
Connecticut,92695,67307,1297579,1033927,322.22,320468266,3685
Delaware,20297,12316,217956,214641,254.23,53251319,532
District of Columbia,21618,13528,295395,234250,358.36,81790559,883
Florida,898293,515579,2620172,3313928,237.70,784758376,8024
Georgia,836060,207520,3225454,2784707,265.56,711079787,7518
Hawaii,45484,63579,499385,573761,466.14,263095774,633
Idaho,21133,13969,259460,198166,287.42,51800727,2024
Illinois,270924,219576,2652781,2668269,333.48,885708865,10523
Indiana,123244,118127,1532471,1417020,261.65,363303243,1987
Iowa,53242,54312,718761,703289,327.79,219043360,2682
Kansas,47905,88537,433566,415321,344.13,139286355,1055
Kentucky,260797,66741,960763,955822,332.16,317705362,1675
Louisiana,124310,73745,1307256,1172589,186.59,206277488,1476
Maine,43670,26954,519523,397652,335.08,130809248,1026
Maryland,149392,49175,1196359,932907,322.10,293545863,2677
Massachusetts,162457,155950,2716786,2170326,444.96,966147387,8583
Michigan,221346,281311,3863790,3674124,318.14,1129559320,13082
Minnesota,125273,988,1750701,1516802,374.58,552288116,6582
Mississippi,103087,60675,947444,779289,192.83,145555947,889
Missouri,117386,55626,1168375,978156,246.45,231334057,3561
Montana,14828,629,227897,159586,341.37,46952310,922
Nebraska,24248,30316,242626,308615,339.11,85288158,879
Nevada,74469,75542,1607519,1436268,354.70,497384019,3037
New Hampshire,33992,31013,403862,326427,253.57,79401690,247
New Jersey,156391,118392,2530133,2369193,419.10,961960737,14047
New Mexico,28341,27130,454851,433660,312.96,130985306,1384
New York,1197927,421141,8766396,6411994,348.09,2170165924,19486
North Carolina,199809,142957,2115314,1835838,223.21,390217587,5811
North Dakota,11155,10931,130666,141987,406.57,56494149,732
Ohio,182904,166334,2735881,2286241,334.00,746695549,21
Oklahoma,213102,90418,720392,679524,338.77,230110932,2327
Oregon,116055,62553,1133787,817713,360.61,291508766,2647
Pennsylvania,230456,205990,4555994,3322950,344.86,1092473624,10762
Puerto Rico,131246,56703,669426,626593,160.54,100262712,2202
Rhode Island,17057,12222,351781,337720,317.88,104942870,1235
South Carolina,99063,65779,1128588,971340,246.60,240203804,3648
South Dakota,10294,6957,98953,75054,275.33,19708822,173
Tennessee,110308,104662,1246966,1314249,269.06,280972012,2869
Texas,570642,460150,5436702,4896237,351.18,1628480085,18027
Utah,26684,31213,419256,325967,343.05,107522258,1136
Vermont,11531,10525,235579,207573,348.51,67334411,395
Virgin Islands,845,2065,14353,14111,359.33,4947051,83
Virginia,175962,202058,1860719,1493926,260.64,379537658,2928
Washington,344973,78109,2613941,1997814,497.40,930347288,6415
West Virginia,22408,23149,432298,396467,242.81,92441987,1704
Wisconsin,135138,35508,1292605,998768,289.77,267649268,4296
Wyoming,10774,5027,75224,67541,378.37,24990430,394
United States,9273398,5756570,86948621,76776856,319.46,23713379303,262760
Alabama,82914,31012,690477,709348,245.53,168920452,36832
Alaska,28699,6549,168389,187704,244.90,43654621,680
Arizona,110709,69161,914336,1105180,241.15,258024297,3720
Arkansas,42874,16680,469304,377070,213.88,74024463,2564
California,1153480,508688,12588691,12385217,286.86,3401261501,86150
Colorado,43089,48225,1063849,1196650,365.59,422595854,4386
Connecticut,52996,44814,981524,1161990,298.29,325646289,4993
Delaware,13391,5906,233892,231868,240.24,53853613,801
District of Columbia,13753,7822,281064,300840,353.01,102716364,986
Florida,405554,315662,3537523,3368898,233.45,774145423,62958
Georgia,607851,112472,3164841,2711142,263.30,683992204,15654
Hawaii,33085,25557,606065,578947,456.19,258476740,740
Idaho,17983,12575,133780,163977,286.26,41073558,4078
Illinois,196510,124516,2967888,3018528,319.86,958712718,12950
Indiana,133557,62131,1021801,1059594,240.67,247620765,1945
Iowa,39218,24716,723839,600440,315.08,175299329,4967
Kansas,40055,21882,424642,396616,337.27,129036271,2927
Kentucky,140813,20332,843486,792879,296.29,235294391,2130
Louisiana,102205,36326,1304562,1348700,182.81,231050879,1546
Maine,14229,13904,308056,317998,303.85,93879586,1345
Maryland,134689,123570,1086138,1070243,310.95,314802107,3181
Massachusetts,132296,92324,2310433,2304876,425.55,985839818,13082
Michigan,109836,92153,3033932,2823773,306.46,805386130,9792
Minnesota,101065,546,1528988,1488205,373.19,531235774,12835
Mississippi,70171,33742,657190,693021,187.07,123824886,2418
Missouri,81511,29997,879386,970626,241.65,220425133,5547
Montana,11507,730,176598,155310,331.31,41265817,1960
Nebraska,20581,10803,228366,250294,279.80,66493477,1818
Nevada,47859,39298,1269103,1306150,353.63,438356270,5481
New Hampshire,23809,13438,322647,330262,239.67,75201944,395
New Jersey,161334,50708,2347735,2212694,405.46,859341577,16999
New Mexico,19578,14185,403209,384210,316.87,115013604,1158
New York,597994,239187,8030898,8037218,338.21,2591653301,18231
North Carolina,131869,86823,1553851,1728277,219.54,353048441,152656
North Dakota,8833,6630,142020,159215,426.29,66001395,2534
Ohio,144330,63862,1876545,1823308,327.39,571775682,8
Oklahoma,232932,69352,674477,608175,347.47,211294276,1942
Oregon,77287,39559,1116568,886804,361.78,313486910,3925
Pennsylvania,199418,102722,3358657,2811704,332.38,875327066,10711
Puerto Rico,41490,45970,836650,893252,158.76,141184577,2606
Rhode Island,13706,7032,342412,334941,311.29,100085432,1558
South Carolina,74376,29045,839016,748358,234.37,176018918,3690
South Dakota,4546,4629,73727,70400,280.52,18456491,166
Tennessee,94164,33234,1202888,1195416,215.38,236065710,4948
Texas,405866,222978,5466196,5213795,353.15,1703373542,41220
Utah,22166,14683,338650,360005,347.80,118737417,3067
Vermont,10376,4324,187026,191147,334.98,57566651,460
Virgin Islands,821,1760,24311,24274,351.41,8087990,101
Virginia,130230,102836,1649597,1655662,254.63,409903680,19213
Washington,126959,41110,1689685,1474310,413.47,550207339,5640
West Virginia,16709,10536,313518,354573,236.70,78723959,2020
Wisconsin,112520,19034,1007530,776314,290.03,199937157,3781
Wyoming,7125,3448,64316,74036,395.47,28493272,622
United States,6640918,3159178,77460272,75424434,305.96,22065895061,606117
Alabama,82427,28401,437841,373752,260.09,94070046,50345
Alaska,28401,3688,148924,148267,243.45,34209214,2856
Arizona,91992,26556,930076,812791,240.68,189249834,6734
Arkansas,64626,19959,375380,289331,221.24,58314400,26293
California,1155937,367962,12226909,11969956,282.37,3196525145,152324
Colorado,37658,28991,938053,918436,365.04,322934693,12978
Connecticut,49281,32192,975139,946293,291.93,254791773,5440
Delaware,12524,3861,179049,163714,236.64,37355360,783
District of Columbia,12557,5806,269782,259813,351.14,87074999,972
Florida,434227,219391,3399620,2888099,230.10,645191959,283239
Georgia,490081,84596,2928460,2534085,256.61,624604735,8571
Hawaii,30068,13871,532766,534620,450.96,234161068,743
Idaho,19658,4015,111666,100462,297.86,25759783,4020
Illinois,150069,85851,2522833,2570767,316.14,805427735,13311
Indiana,169700,35014,905254,839514,230.12,187122769,2512
Iowa,36935,17094,469922,533773,328.70,159874931,10583
Kansas,44159,24895,348886,323282,341.10,106432784,5731
Kentucky,105013,12735,601272,570939,282.55,161672356,2365
Louisiana,95734,38644,1254757,1321271,180.68,232398199,1933
Maine,11208,8055,260339,250592,294.53,71115306,3497
Maryland,89343,21816,981254,784969,308.98,230995326,3689
Massachusetts,81942,52849,2057584,2120854,401.55,798104743,16192
Michigan,98353,71292,2205752,2229930,303.99,617054470,16178
Minnesota,76211,481,1262795,1191047,376.66,424219364,16360
Mississippi,42618,24293,634327,552998,182.44,96721128,7034
Missouri,81694,21041,731064,667261,240.32,149843010,7726
Montana,9193,633,143755,110346,332.02,29041904,2656
Nebraska,19060,3972,196182,182065,273.90,47698116,2186
Nevada,66698,34857,1324848,1250023,369.42,436809471,12604
New Hampshire,26631,5821,162364,169710,255.15,40634469,506
New Jersey,136475,63857,2160216,1972990,402.82,744907369,19241
New Mexico,15481,9820,373667,346345,319.88,104702216,2182
New York,528727,151914,6685295,6245038,337.10,1942272740,23782
North Carolina,129588,47786,957803,812028,218.20,158763725,95435
North Dakota,6172,3233,103425,114889,441.74,49273879,2992
Ohio,119804,36749,1598338,1348998,324.06,416206691,4
Oklahoma,30346,13039,504703,479994,322.29,154673859,2608
Oregon,39209,36775,766675,762745,354.70,263361473,5455
Pennsylvania,166189,84880,2973071,2883547,334.60,884894186,15838
Puerto Rico,29612,32730,865533,815663,170.75,138429564,2713
Rhode Island,14982,6603,249399,241902,310.88,71519660,2522
South Carolina,64386,21345,808918,699046,230.64,161805631,8291
South Dakota,4538,1767,63176,50055,284.78,13290798,246
Tennessee,85636,16981,1005784,917742,210.44,191019225,19403
Texas,389724,167034,5405681,5086313,353.57,1658289694,5735
Utah,18289,8247,294950,268494,350.48,88932860,6107
Vermont,8421,3393,158228,162047,330.07,47008839,497
Virgin Islands,617,665,18584,19891,356.95,6589824,223
Virginia,152198,79494,1466956,1271129,257.49,313452433,34700
Washington,137406,47276,1372492,1423868,417.35,525090465,12372
West Virginia,14172,6294,262319,258230,236.25,57048261,2298
Wisconsin,120078,15252,870376,713263,285.81,179934504,5867
Wyoming,6907,2347,55303,55699,410.27,22236311,952
United States,5932955,2156113,68537745,64558876,304.37,18593113297,949824
Alabama,41797,12088,285740,233347,251.44,56969625,21975
Alaska,19951,2319,133140,109794,443.23,47551812,3789
Arizona,52303,38292,1005838,974053,236.03,223939806,11848
Arkansas,24280,6498,233983,148515,223.84,29944767,14167
California,881693,267361,12510255,12236685,282.35,3297872034,176873
Colorado,27133,21171,877481,891533,371.47,320022368,20138
Connecticut,31165,20940,1004121,952812,289.09,255933845,6022
Delaware,8551,2518,169388,157400,238.98,36530875,1117
District of Columbia,7468,4057,302259,251194,348.75,83277395,1360
Florida,249117,100086,2243814,1634922,224.03,353849513,141929
Georgia,247623,27625,2526630,1898725,256.80,470793116,2794
Hawaii,26285,9110,568521,576243,449.20,251796215,1105
Idaho,13436,3331,78026,70121,306.11,18843450,5747
Illinois,105745,52467,2283826,2400836,313.12,746009242,13648
Indiana,61174,21004,808470,756057,221.90,164461237,3465
Iowa,23393,9258,388728,302873,343.48,94990097,9233
Kansas,60275,11275,300649,250684,341.68,82870532,6618
Kentucky,70595,8569,607371,526001,280.93,148091201,2794
Louisiana,55629,20076,1133320,1089444,180.86,193433110,2247
Maine,5946,4047,209028,201929,297.49,58112440,5375
Maryland,58526,9924,843160,697612,310.55,204036232,1111
Massachusetts,68153,26494,2001722,1698662,396.96,641557360,20097
Michigan,73619,37508,2062920,1931664,312.29,556657904,26063
Minnesota,46781,298,1071696,873845,372.82,310515770,17793
Mississippi,20289,9235,554653,421690,184.37,74839997,8638
Missouri,42699,13476,565581,454307,238.50,102547137,34984
Montana,7077,1124,121335,77271,345.61,21246990,2425
Nebraska,10516,2539,138432,117009,290.86,32863398,2378
Nevada,49595,21480,1221955,1226794,333.17,386956759,19583
New Hampshire,10365,3081,143851,101098,260.53,25092698,484
New Jersey,99203,32510,1860997,1744144,395.10,649141421,23642
New Mexico,10302,7931,411892,390714,315.12,117717926,3825
New York,344333,82809,6789086,5683496,337.27,1772457146,30760
North Carolina,61019,29900,646511,525486,210.98,100293215,50806
North Dakota,3558,1423,82070,85645,463.06,38626661,2640
Ohio,76754,24643,1546842,1225304,320.75,377661019,10691
Oklahoma,21657,9015,577205,556970,336.42,180385628,10815
Oregon,22020,23400,757526,675863,362.93,239683190,5468
Pennsylvania,114291,55071,2908503,2295398,329.27,688842411,17918
Puerto Rico,13356,18421,738900,716149,183.18,130551937,9752
Rhode Island,14046,5412,228502,217145,311.44,65008456,5288
South Carolina,28637,12165,694010,584187,227.42,133339380,51893
South Dakota,2117,1295,41670,33098,292.32,9167663,527
Tennessee,48826,52154,905114,969601,206.12,196458530,29292
Texas,238521,113523,4819326,4237141,360.39,1407891548,141633
Utah,13015,4739,251794,203307,364.35,70910293,7081
Vermont,3829,1750,135522,131946,336.46,39552354,1476
Virgin Islands,999,478,16808,17728,373.69,6231788,550
Virginia,53867,36820,1203240,980860,268.11,253927531,47926
Washington,86383,17394,1120720,1019746,402.28,367183301,18873
West Virginia,8956,4296,252415,231882,233.05,51213019,2286
Wisconsin,68312,11677,756728,581519,285.41,147787301,7873
Wyoming,4363,1247,47120,40966,422.19,16936803,894
United States,3739543,1315324,63188394,56411415,304.66,16352575446,1067709
Alabama,37796,7156,158622,119570,257.61,29910500,18281
Alaska,15048,2324,83378,102415,291.86,28656955,4748
Arizona,39616,16179,747957,709549,234.06,161758100,34275
Arkansas,23851,5770,161458,80835,240.65,17606466,5366
California,902627,176872,11286023,11039599,282.47,2947447940,750446
Colorado,22520,15778,599983,663101,382.60,245145373,32558
Connecticut,22627,10131,612024,636895,297.06,172276575,41877
Delaware,13991,1530,119450,108917,240.89,25471963,7312
District of Columbia,7019,3569,228865,276236,342.28,89434861,17872
Florida,160873,69525,1912516,1285170,222.91,276565106,104968
Georgia,201790,17844,2118960,1925361,255.24,476849536,81643
Hawaii,28013,7960,514775,529061,444.50,229459000,26719
Idaho,12890,1860,45033,35208,319.28,9620994,2391
Illinois,121237,41338,2037013,2077769,315.54,651011188,100337
Indiana,68211,14741,614693,581164,221.93,126528739,26378
Iowa,22890,7880,247528,257231,364.34,84483435,15136
Kansas,65763,14209,210461,242102,355.53,83306098,13555
Kentucky,34347,4661,431232,373834,281.36,105421817,23271
Louisiana,61824,11549,949999,937974,183.45,169488458,43889
Maine,6040,2083,121823,108384,296.10,30910203,9235
Maryland,51244,5325,646835,477385,309.88,139430855,40709
Massachusetts,84802,28003,1359588,1640046,406.04,632141930,101098
Michigan,71112,23134,1601916,1320198,304.32,370145529,114315
Minnesota,46069,219,791357,749639,377.52,267763617,51557
Mississippi,18631,4763,342052,263518,186.93,47672352,15635
Missouri,36578,11515,324425,332901,240.08,74204229,25660
Montana,9141,359,82180,68307,372.92,19248752,3303
Nebraska,11096,2257,81804,64943,307.73,19385841,3610
Nevada,34370,12491,801405,695950,358.52,235126234,54520
New Hampshire,8921,2055,97435,92269,272.34,23856043,4403
New Jersey,106279,25187,1531478,1424531,398.60,530695741,91347
New Mexico,8411,4588,300147,282950,314.74,84789659,17406
New York,366532,71960,4782646,4491568,339.79,1384347569,425830
North Carolina,53164,17643,400179,319129,217.64,62623443,59433
North Dakota,3536,1274,48088,53723,479.06,25061192,3426
Ohio,65933,19187,1097877,951132,324.21,295507298,68519
Oklahoma,18579,6291,395560,374804,327.19,117963172,25192
Oregon,24511,21661,597822,549798,367.43,199873341,19161
Pennsylvania,96093,34486,2103212,2064143,335.91,636204746,107046
Puerto Rico,4117,9649,467063,461858,187.02,85569935,51518
Rhode Island,12834,2621,148169,133371,320.27,40568661,14198
South Carolina,24910,7946,366820,266070,223.41,60654148,26029
South Dakota,1386,712,24806,18985,310.59,5594177,651
Tennessee,44192,12132,662441,637253,211.60,132502396,49030
Texas,211049,98049,3991614,3574842,372.38,1215204585,194833
Utah,11342,3105,136434,105724,401.12,40989651,5688
Vermont,2993,1275,90826,94340,340.34,28105977,5794
Virgin Islands,822,418,14370,14846,366.84,5111843,895
Virginia,45040,23416,784370,587427,278.28,157008754,54246
Washington,80966,12704,1084227,889604,415.56,326057010,56197
West Virginia,8488,3332,173683,179344,236.06,39943268,11807
Wisconsin,50918,9981,511386,411629,288.06,105009141,18226
Wyoming,2859,1010,32254,37145,433.65,15774640,1525
United States,3485891,911707,49076262,45719747,309.40,13385489036,3083064
Alabama,33420,7855,145457,78141,266.61,20284820,8874
Alaska,19658,2609,67238,67544,293.54,18968432,2288
Arizona,30687,12490,533557,459004,233.35,104346822,36884
Arkansas,19502,4090,121409,56241,244.40,12539062,4004
California,691313,140021,7467196,7150116,281.01,1870647324,638777
Colorado,27296,14417,446187,509298,381.31,187772668,33506
Connecticut,22671,8342,382674,398013,311.34,108661289,27264
Delaware,7529,1542,75879,70278,243.79,16499140,6759
District of Columbia,7005,2987,161731,146935,335.65,44476817,13841
Florida,171409,53714,1379501,977203,225.06,212369635,87126
Georgia,196666,16809,1470940,1128986,253.72,274829966,104165
Hawaii,21555,4266,308426,326745,426.65,134833235,35387
Idaho,13817,1796,35318,26709,326.36,7616182,1505
Illinois,236295,53343,1446807,1454010,317.44,457382812,119738
Indiana,136571,15895,426783,396703,223.97,86947142,29034
Iowa,19636,5384,169017,142549,379.82,47949695,9640
Kansas,73452,20018,179523,154951,380.55,56897844,10262
Kentucky,27475,4390,280177,219780,286.70,63172499,19681
Louisiana,43123,12188,547203,553528,181.38,98785549,55831
Maine,5257,1684,74701,59112,297.34,16455199,4745
Maryland,45434,11719,375499,329788,310.20,95137469,29853
Massachusetts,174081,36451,979416,842026,431.29,336101986,69574
Michigan,58217,18694,942408,786895,307.73,224405427,80465
Minnesota,46738,196,519268,446333,399.77,165396461,36475
Mississippi,14844,4530,208579,147293,186.64,25299099,12548
Missouri,36903,7095,225675,183379,243.59,41816154,11727
Montana,10069,341,60920,38394,410.42,11651595,2915
Nebraska,11144,1723,56422,42409,317.55,12984345,2775
Nevada,37891,13068,554268,423383,378.83,141691107,44458
New Hampshire,15979,1226,65098,53085,274.72,13589755,4454
New Jersey,127220,20352,975286,877995,407.96,323033465,77850
New Mexico,10082,4157,210872,192333,321.76,58409240,17942
New York,303693,45509,2502331,2351791,345.84,693240440,220109
North Carolina,66331,13696,293067,243421,225.08,44271046,39288
North Dakota,4868,1437,31875,34749,486.88,16444249,3413
Ohio,76079,16793,747935,557266,336.42,177223744,43178
Oklahoma,17987,5700,271400,250110,334.30,79855891,21250
Oregon,19582,13200,405808,313903,375.21,117891363,13366
Pennsylvania,88880,28491,1352661,1157863,345.65,354524085,86383
Puerto Rico,6079,6225,296801,273167,588.86,153823813,19747
Rhode Island,12595,2548,75752,66795,345.81,21358632,7457
South Carolina,22378,5316,262419,173769,223.66,39588665,14522
South Dakota,2030,537,16030,11817,316.48,3522768,704
Tennessee,37313,6991,330350,258196,215.90,54956473,22569
Texas,178683,63358,2658749,2348552,384.22,817842691,190046
Utah,10877,3196,91403,74115,412.27,29427642,5099
Vermont,3031,1015,55318,54766,351.09,15925026,3693
Virgin Islands,505,310,9493,11870,384.27,4245410,1386
Virginia,46212,19342,524141,347340,283.20,93609381,32870
Washington,76514,10252,668560,554344,435.66,204246021,41420
West Virginia,8630,2823,107932,101081,251.12,23436230,9484
Wisconsin,62178,10156,416619,320774,291.67,80847839,16122
Wyoming,2750,834,24437,23461,436.29,10040276,1528
United States,3440134,761121,32036516,28268309,316.89,8327273920,2433981
Alabama,38249,4388,118006,64803,263.31,16714859,5605
Alaska,19520,3391,77682,63963,300.39,18360381,443
Arizona,27606,13643,434453,367080,233.83,83585057,22356
Arkansas,16085,3638,105853,48757,251.75,11306136,2801
California,673481,114600,5791130,5527421,288.68,1461967260,347435
Colorado,54909,15211,410528,468607,382.71,174255971,21610
Connecticut,26054,7651,354147,336297,337.45,99226287,19166
Delaware,7168,1274,63162,52102,254.87,12764588,3833
District of Columbia,5414,2169,137959,99183,338.99,29786542,7920
Florida,109545,33592,928050,547363,228.80,121158043,32055
Georgia,104175,12220,1157921,720718,258.30,177629345,58911
Hawaii,17682,3702,202185,199123,422.72,80224031,15515
Idaho,18841,65,42940,31511,331.43,9416696,1344
Illinois,275280,79877,1284595,1206864,342.55,409129713,64518
Indiana,100749,18855,362841,315848,232.05,71642836,16781
Iowa,25649,6384,171805,111741,392.27,38714617,5517
Kansas,85582,27140,240815,148075,406.89,58717466,5574
Kentucky,32754,4055,219091,146906,302.09,44496678,8707
Louisiana,125882,5516,362174,330695,183.04,59510017,25971
Maine,7916,1954,59245,49449,312.51,14667753,2483
Maryland,47916,5706,337042,216372,396.00,78481465,11715
Massachusetts,149285,51619,923416,654111,490.85,293172174,38734
Michigan,96340,22561,764320,670091,309.39,194846485,38894
Minnesota,84822,268,532816,374707,417.36,144345019,22208
Mississippi,14757,2089,165310,102616,188.45,18024709,7739
Missouri,38396,5896,216912,155644,248.04,36307256,10145
Montana,10816,927,68721,32660,446.25,10670624,1931
Nebraska,10002,1669,51243,33681,326.69,10625002,2005
Nevada,32613,7511,448874,312106,377.59,104203073,22599
New Hampshire,9729,1091,58333,37689,283.63,9905809,2425
New Jersey,71570,13880,694991,612994,420.91,229688813,35674
New Mexico,23989,4927,192703,178662,317.42,53580374,8317
New York,289503,41143,2078456,1845063,355.15,551267355,122463
North Carolina,33207,10023,253044,175169,227.70,36473596,17416
North Dakota,6875,2604,33987,34062,477.27,15881572,2254
Ohio,107106,17669,687165,474641,349.78,157115029,25050
Oklahoma,16328,5000,224236,194764,346.30,64592116,13740
Oregon,40878,33769,362510,521195,382.61,197149008,10472
Pennsylvania,110263,28309,1449871,961966,357.51,305820673,49056
Puerto Rico,4391,4454,190327,181273,622.92,106812725,9897
Rhode Island,14955,5123,69207,59452,375.43,20661472,3506
South Carolina,13950,5626,220047,159383,215.05,34427639,11712
South Dakota,2161,687,14915,11252,333.73,3530771,412
Tennessee,27603,5251,249140,184032,221.55,40241263,13654
Texas,148415,46931,1931682,1574389,394.40,562386685,113390
Utah,12209,3266,83265,61164,420.07,24830590,3575
Vermont,5667,1256,51683,49183,362.09,14751125,2355
Virgin Islands,248,307,7593,8129,393.45,2994792,1132
Virginia,48847,19116,398043,253332,293.27,70664085,19104
Washington,100553,13251,588582,470383,451.42,178580383,22985
West Virginia,8019,2988,94077,81506,271.71,20408224,4610
Wisconsin,71493,15854,430000,322464,298.95,83173918,10876
Wyoming,4091,1054,24833,20277,430.93,8592090,1007
United States,3429538,741150,26421926,21860918,330.49,6677480190,1329597
Alabama,36330,4854,111602,47534,275.82,12921568,5707
Alaska,16601,3895,70229,81860,303.04,23927422,430
Arizona,32990,13335,308243,276805,234.21,63159644,14720
Arkansas,19649,4002,95942,43434,245.67,9920816,2038
California,782058,115624,4628100,4390571,295.70,1183137260,258375
Colorado,123845,36267,424290,465494,404.35,181720824,16870
Connecticut,40715,12821,284698,285786,356.34,88312980,12361
Delaware,15434,1713,54377,43739,263.56,11059173,2210
District of Columbia,7918,2124,101998,93127,340.15,28337975,4492
Florida,123847,35540,834347,534113,231.35,119602616,45011
Georgia,124285,17156,702418,647548,263.70,161966335,53013
Hawaii,18155,2840,137234,126905,419.99,50452593,8302
Idaho,18559,4577,49288,38957,340.14,12225990,1242
Illinois,514674,78533,1389493,1230521,353.33,431176034,51779
Indiana,104380,9906,299690,246198,242.30,58183099,11226
Iowa,38918,12281,166451,155078,408.25,56995557,5750
Kansas,153931,68376,331123,331758,429.64,140730626,5528
Kentucky,49784,4641,190253,125659,300.49,37725388,4807
Louisiana,51677,1599,275354,226610,185.83,41343489,15649
Maine,12855,3440,64159,53269,327.05,16678967,2039
Maryland,50161,12037,296877,261996,419.66,100534931,10128
Massachusetts,98357,20379,644981,606531,496.73,274147088,34060
Michigan,98780,30522,765624,643748,308.32,187181155,38194
Minnesota,77413,354,634840,546347,415.18,214732937,20881
Mississippi,21225,2524,128298,76536,192.74,13817472,4969
Missouri,53236,7016,192822,141599,253.02,33826046,7136
Montana,9592,2010,65346,46604,448.01,15485612,2027
Nebraska,12602,2620,50379,32347,335.43,10488698,1237
Nevada,37310,9381,344342,308368,376.12,98906849,15050
New Hampshire,14306,2088,54470,42641,288.75,11477823,2446
New Jersey,83329,16493,670384,577565,431.11,222560946,30301
New Mexico,15286,6985,176601,165118,313.40,48697827,7237
New York,326325,49113,1623233,1623585,362.17,505131326,78494
North Carolina,72059,10746,203902,139243,240.55,30915763,11226
North Dakota,6353,3052,30508,31642,478.29,14877818,1366
Ohio,138117,30032,617654,469038,362.59,161893484,18221
Oklahoma,20603,5290,162398,137871,355.18,46869502,8179
Oregon,49232,20301,344865,292589,378.49,111120887,4784
Pennsylvania,189307,48615,1401732,1214785,361.46,389729981,51036
Puerto Rico,5676,4534,225304,157724,304.43,45525861,6478
Rhode Island,25738,7850,79295,67775,379.18,24111821,2845
South Carolina,22233,7235,180457,126833,217.78,27782766,7304
South Dakota,3266,1200,16260,12804,348.39,4241505,277
Tennessee,45245,8761,201568,158094,225.48,35177329,9398
Texas,178153,46434,1704608,1444340,405.95,533425064,87561
Utah,13862,4819,71396,57431,426.44,23752642,2431
Vermont,7225,2091,50866,48111,368.36,15096667,1889
Virgin Islands,225,245,8639,9727,393.03,3529376,2154
Virginia,70131,20470,298898,264135,285.03,72517138,16437
Washington,100382,15981,737194,574318,444.24,220760138,20507
West Virginia,12211,6039,86547,83283,280.87,21764436,3071
Wisconsin,71306,34847,413023,489013,295.21,129829860,11576
Wyoming,4038,1481,21634,23732,428.18,9979055,1002
United States,4219889,875069,23024234,20320439,339.82,6389468159,1041451
Alabama,50666,7684,98650,56270,251.19,13852115,3820
Alaska,18294,2656,74935,63555,301.80,18422540,50
Arizona,54483,28288,333028,247971,238.23,57414887,12083
Arkansas,20229,4639,95125,50612,248.70,11673442,2248
California,506052,89633,3822830,3624204,307.24,1013940578,208241
Colorado,64390,25577,338468,358845,362.01,126565648,8035
Connecticut,43402,16880,366505,296405,364.00,93886449,10313
Delaware,11896,1975,59006,40415,262.05,10153898,556
District of Columbia,7679,2321,103241,69972,346.57,21757917,3546
Florida,391778,40558,676143,436984,233.59,98798436,39728
Georgia,130426,18567,658321,426228,272.05,108814983,30245
Hawaii,18180,1934,135767,87459,441.36,36049375,5467
Idaho,17915,4697,66157,54073,351.32,17577789,1731
Illinois,410187,57955,1201417,1013990,363.38,365310610,36207
Indiana,151234,13360,331737,260952,247.52,62591868,9010
Iowa,25093,14961,186704,156961,425.24,61685216,3964
Kansas,303581,68376,329261,288200,432.77,123690253,3264
Kentucky,41765,6532,169356,116885,325.01,38056595,3887
Louisiana,61092,2975,268277,142976,192.98,26839173,10624
Maine,11259,4055,70880,60200,336.74,19484410,1822
Maryland,118922,14743,324180,237300,330.25,71562272,7810
Massachusetts,98015,16343,750385,518127,521.24,244885934,21391
Michigan,86170,36001,774048,632913,336.89,200390490,27917
Minnesota,58844,8053,581796,456601,435.55,187122323,16345
Mississippi,27936,3784,145407,67194,190.27,11804606,4135
Missouri,59134,10285,249543,149323,253.87,35619236,6492
Montana,7969,3190,76171,42159,462.07,14891607,1534
Nebraska,13397,3206,64844,36140,343.73,12028386,971
Nevada,43070,11888,373702,312012,371.22,100572592,14169
New Hampshire,25793,2855,61224,48703,279.36,12752308,2031
New Jersey,72158,21933,654339,544318,443.41,214422153,25995
New Mexico,12647,4682,176604,159264,315.51,46952015,8719
New York,476896,72270,2060927,1564278,365.03,488788793,81593
North Carolina,84128,14024,241870,155568,235.54,33920782,10606
North Dakota,6287,3745,36608,39009,486.51,18733363,1249
Ohio,181721,31847,715550,440563,373.26,157660078,7710
Oklahoma,24255,7068,163053,145800,356.45,50515964,6736
Oregon,39687,18331,324523,272564,376.99,103132187,3845
Pennsylvania,134812,51091,1548957,1031678,364.45,336335428,36108
Puerto Rico,5957,4608,158928,116878,199.34,22536824,5822
Rhode Island,47310,13429,94142,77290,395.29,28903153,2439
South Carolina,42782,6143,224580,114125,221.28,25378302,6495
South Dakota,2708,1379,19723,14451,360.52,5008081,279
Tennessee,67776,12392,228919,140060,222.89,30707010,7915
Texas,233427,50946,1478313,1090802,411.30,407668230,76107
Utah,14516,4880,86336,59188,427.04,24618127,2078
Vermont,7077,2224,58413,47615,377.85,15373265,1496
Virgin Islands,410,159,6703,7272,416.77,2774890,1508
Virginia,84856,23854,293404,163020,262.51,50948249,7821
Washington,85439,14644,631189,503163,458.50,198305339,17824
West Virginia,12914,5911,98483,83289,279.67,21780916,2412
Wisconsin,73534,19665,473341,388503,307.03,106693307,8744
Wyoming,4770,1649,24267,21396,428.96,9016117,629
United States,4594918,910845,22586280,17533723,346.07,5618368509,821766
Alabama,47827,7176,87689,62303,251.63,15361105,3607
Alaska,14143,2703,59732,61174,297.47,17363597,2121
Arizona,26952,26385,259905,227157,238.83,52629635,9700
Arkansas,15421,3444,93007,45446,249.26,10418113,1799
California,463206,98544,2998066,2818693,311.25,783473572,136859
Colorado,158007,18092,288370,309332,344.14,104220487,5993
Connecticut,27423,11682,290697,306495,363.07,93465363,8099
Delaware,7705,1742,55817,39907,269.60,10330168,1349
District of Columbia,5582,2451,74434,65978,350.67,20707377,2733
Florida,93828,62983,732126,447591,237.98,103526118,30824
Georgia,111308,12692,577176,338258,273.87,85961478,16900
Hawaii,12201,1853,86708,70958,455.95,29634996,3797
Idaho,26408,2887,58169,45694,355.11,14941778,1703
Illinois,291083,35071,1000301,853287,373.27,315261179,26567
Indiana,82257,11632,269310,231191,258.92,57853932,7040
Iowa,21693,10439,191187,162019,431.71,65275485,3277
Kansas,25611,3445,50828,38822,412.97,15693181,1030
Kentucky,49989,4776,166301,105977,335.16,35577705,2635
Louisiana,26200,5342,201482,142103,193.03,26572068,8281
Maine,6497,3005,78130,62739,337.87,20340960,1590
Maryland,85563,14236,238546,277459,317.72,83305935,7288
Massachusetts,58999,18211,582936,542858,500.18,247620751,18824
Michigan,56838,21915,661015,576079,317.93,171811435,21650
Minnesota,44225,12551,455241,394248,453.70,168012779,13334
Mississippi,39614,4139,136429,68616,194.40,12298864,3107
Missouri,52427,11343,232188,160215,256.73,38511880,5850
Montana,5016,2254,64142,43893,467.16,16166860,1488
Nebraska,8050,2410,55144,38828,352.76,13304460,903
Nevada,33878,9760,294614,248374,363.12,77732266,10131
New Hampshire,16049,2356,56295,50119,280.24,13000219,1205
New Jersey,47724,16383,577376,488913,461.55,197241003,18659
New Mexico,8848,3748,130639,115498,324.94,34685736,4782
New York,379998,70232,1760822,1606048,368.65,495289382,58174
North Carolina,39344,11545,209720,143079,232.05,30948668,8675
North Dakota,3764,2046,39063,41135,485.02,19736046,1396
Ohio,504843,32448,698764,453992,382.40,166193872,608
Oklahoma,21181,12305,124585,396800,313.85,124392624,53832
Oregon,30324,14515,288767,242906,377.78,92087977,3616
Pennsylvania,111247,37541,1267438,907022,386.06,308146308,26930
Puerto Rico,5331,4825,108743,107493,518.20,51242682,4604
Rhode Island,43222,11212,99115,75880,399.61,28723403,1912
South Carolina,18220,6596,175302,114815,225.98,25994014,4693
South Dakota,1750,1016,19191,14958,369.30,5322389,173
Tennessee,40499,12536,198439,164277,217.05,35119773,6939
Texas,175083,46983,1303222,927984,409.29,342718204,41060
Utah,10905,3544,71555,59184,424.31,24403549,1905
Vermont,4429,1851,50414,48762,381.61,15639465,1217
Virgin Islands,473,222,6676,7174,410.11,2690144,906
Virginia,52749,22760,261354,194362,287.26,54045935,7832
Washington,57904,13964,526154,443547,454.65,169604845,16037
West Virginia,17625,4967,88783,83388,278.39,21724302,2015
Wisconsin,60361,8000,417724,335897,312.53,92469982,6966
Wyoming,3595,1368,22303,22208,430.45,9363097,591
United States,3553419,766126,18842134,15831135,349.14,5068157146,633206
Alabama,75012,7395,89535,71417,254.26,17835651,5257
Alaska,13779,2664,55793,63562,298.00,18112525,2618
Arizona,21951,7254,210302,189293,238.53,43621956,7738
Arkansas,13559,3468,110485,47097,248.47,10676269,1948
California,384748,100683,2896462,2647868,313.49,741361489,115525
Colorado,341835,62774,413491,389951,406.74,155411817,7378
Connecticut,35117,12807,290907,332659,361.25,101722117,7922
Delaware,8172,1697,57261,43574,262.82,10951291,1389
District of Columbia,9758,2604,75645,67139,358.83,21471419,2603
Florida,84281,26286,774795,377285,232.57,85141397,30411
Georgia,143410,30477,676389,379195,278.95,98497392,14831
Hawaii,17298,2167,88706,68623,463.85,29298594,3306
Idaho,19784,2205,50779,39710,355.11,12844146,1772
Illinois,206139,39936,1050626,982427,371.50,361461895,28751
Indiana,90927,11008,234595,223625,254.74,55177598,6073
Iowa,24052,8539,196354,167349,430.85,67792633,3722
Kansas,12931,5692,97580,72359,417.56,29561999,2378
Kentucky,65878,7842,176316,108969,352.08,38397785,2140
Louisiana,40614,1069,192937,160983,187.81,29359961,8165
Maine,6530,4241,71312,67917,340.20,22143584,1924
Maryland,114277,12172,221803,315172,308.92,92433379,8424
Massachusetts,70988,24006,512177,676228,489.93,305850657,20857
Michigan,59138,16484,642111,553239,319.52,166663759,20372
Minnesota,48589,15202,450246,408766,454.93,176151339,13467
Mississippi,24947,4765,128098,75872,195.40,13513756,2723
Missouri,43234,9443,207531,180951,258.57,43847338,5920
Montana,5946,1737,57154,38119,463.63,14236199,1698
Nebraska,7850,1511,48273,41194,355.40,14259277,1038
Nevada,42498,24743,302599,254728,347.97,81540355,9018
New Hampshire,15448,1876,59141,54996,277.26,14167758,1376
New Jersey,59290,25653,561806,472701,474.61,197418638,16039
New Mexico,13100,4268,122931,107329,329.87,32970373,3707
New York,735270,111507,1692876,1765171,375.35,557583573,45441
North Carolina,67569,10805,191536,138933,234.60,30597004,8937
North Dakota,3439,1666,41776,42416,480.13,20125217,1930
Ohio,379171,27021,735205,468961,383.85,173666033,479
Oklahoma,36652,19452,127508,535364,310.89,166377917,56318
Oregon,36650,15679,288465,231353,382.28,88620879,3797
Pennsylvania,95281,34840,1146421,947124,390.05,326411844,27082
Puerto Rico,6913,4122,165346,101435,198.52,19443902,4063
Rhode Island,20427,7889,89868,74350,389.11,27443250,1925
South Carolina,18715,6945,162154,114433,228.79,26300751,4731
South Dakota,1307,783,18809,17046,369.30,6054882,221
Tennessee,34706,11031,181172,174166,219.45,37654571,5961
Texas,383385,48054,1411869,1014607,405.23,372537141,50778
Utah,13490,3534,65239,61597,427.52,25517112,2278
Vermont,5837,2061,49076,50428,384.25,16404840,1276
Virgin Islands,576,284,6351,6923,442.52,2807426,686
Virginia,100828,31190,265273,214309,288.50,60022056,8591
Washington,53139,19068,479414,430461,453.40,165640264,14798
West Virginia,23192,3879,87187,81987,276.15,21320091,1875
Wisconsin,56771,6543,407538,317612,314.25,88156832,6440
Wyoming,3355,961,21510,23523,429.31,9881823,671
United States,4197753,849982,18758733,16492496,351.64,5346461754,608768
Alabama,134618,12149,87790,61357,309.97,18586083,3577
Alaska,14279,2855,48895,44658,269.14,11488418,1606
Arizona,27881,10785,211514,142004,238.46,33024714,5032
Arkansas,13145,3592,81161,36089,244.94,8056796,1301
California,312777,142907,2431082,2175007,315.43,632207195,72648
Colorado,94505,16308,232061,241977,382.97,91349759,5783
Connecticut,27096,20121,299068,248489,350.58,75767516,4857
Delaware,18018,2101,42913,28537,272.26,7467806,784
District of Columbia,12326,3742,70450,51969,366.40,17039547,1658
Florida,117097,29598,559857,362295,235.22,82836820,23324
Georgia,133403,34982,562483,357950,272.34,90105206,7842
Hawaii,15176,6378,71066,60763,491.55,27521549,1904
Idaho,16931,2547,38514,27166,358.14,8812108,1217
Illinois,81162,72188,865981,815759,362.66,292768754,19893
Indiana,197801,18476,216972,170142,249.44,41214369,4294
Iowa,22145,7935,126109,97820,423.73,38213174,2442
Kansas,14240,2473,60055,40992,418.79,16738002,985
Kentucky,36820,6852,857141,66920,365.14,24453654,1214
Louisiana,33448,19381,200272,158339,182.86,28233284,4813
Maine,6102,3572,60043,50859,344.23,16692261,1245
Maryland,58319,7991,170995,156874,318.16,47323658,3629
Massachusetts,54461,17548,384076,367664,508.13,171871729,11913
Michigan,107355,28464,447036,332869,329.15,103187779,10278
Minnesota,62705,21268,353581,293335,440.87,122172008,8441
Mississippi,16263,8829,114893,66883,195.73,11881188,1858
Missouri,47553,17919,206932,136228,255.53,32707727,3929
Montana,5052,2251,40615,25641,494.11,9364375,1024
Nebraska,6428,1825,32200,23345,343.25,7812474,723
Nevada,40858,32490,317931,264361,340.36,89861755,5122
New Hampshire,15169,3863,42257,37282,277.35,9469822,647
New Jersey,59005,37939,532156,446160,473.48,189386793,11285
New Mexico,17857,8134,112883,99561,329.67,30994659,2958
New York,364248,204571,1568175,1393886,383.48,458688875,22396
North Carolina,84451,9226,168902,65555,462.94,28921243,4035
North Dakota,5948,1781,23030,22384,468.38,10302899,1296
Ohio,92592,16452,452724,276472,377.90,101008508,172
Oklahoma,65387,22786,136072,449164,311.35,139812217,50719
Oregon,39209,14639,230434,167211,382.28,64114085,2548
Pennsylvania,95616,42534,889676,609022,393.57,212931864,15454
Puerto Rico,9354,4518,101108,73236,29.78,20507967,2499
Rhode Island,28282,10792,73168,61334,380.39,22024569,1113
South Carolina,22781,7723,161875,89208,235.14,21078846,3392
South Dakota,1221,491,11527,8801,351.90,2978346,150
Tennessee,44481,17615,195783,150216,217.02,32157337,4685
Texas,195725,40134,1135786,791891,409.87,296984418,48618
Utah,24160,3647,55670,41317,422.47,16936133,1408
Vermont,20606,4989,48170,42834,369.98,13037701,605
Virgin Islands,592,194,4778,5302,456.17,2239797,470
Virginia,70848,31842,238315,163583,294.43,46703184,5230
Washington,54690,13003,299463,247243,474.25,102987822,8867
West Virginia,25679,3978,71241,53729,273.12,13968161,1192
Wisconsin,60456,6746,346809,250664,302.38,65993005,5178
Wyoming,4727,1149,16263,16062,424.47,6650517,479
United States,3131048,1066273,16107951,12468409,348.59,4068638476,408732
Alabama,55886,5370,87535,56370,258.49,14274312,3566
Alaska,12357,2154,47328,37963,266.56,9705144,1374
Arizona,20877,11375,246108,159313,238.45,37141659,4905
Arkansas,10129,3625,90928,42465,236.69,9129380,2119
California,298334,161384,2770442,2616694,316.92,762067261,72971
Colorado,32644,14772,270764,285118,376.33,106102889,6149
Connecticut,27096,12150,294290,230333,343.73,68957499,4044
Delaware,20731,2911,47877,29076,287.98,8111763,630
District of Columbia,6880,2956,80781,51364,367.74,16873637,1238
Florida,85401,23648,480430,330437,237.87,76552949,13788
Georgia,108244,14883,486689,313385,275.22,80048718,5268
Hawaii,10344,3465,66953,52160,500.44,23889985,1214
Idaho,8010,1972,33712,26174,353.33,8413905,909
Illinois,99409,38277,822391,746681,364.76,269476440,18794
Indiana,46428,17804,245426,208071,254.57,51632552,3571
Iowa,14329,5238,103489,75625,411.40,28312773,1734
Kansas,11274,3377,55869,46715,413.97,18845325,1111
Kentucky,24557,4149,97218,60107,374.45,22537601,834
Louisiana,26131,14873,216106,165163,175.57,28296521,2348
Maine,4559,1917,54371,40742,343.46,13314450,968
Maryland,185596,4367,198289,89921,329.29,28069512,2853
Massachusetts,37111,12300,369354,284537,510.56,133255640,9224
Michigan,57558,35660,560290,334259,328.00,100814954,10679
Minnesota,31586,13259,312821,233645,423.42,92948834,6910
Mississippi,13255,4053,131080,69312,197.69,12409301,1472
Missouri,29406,13048,265562,168925,267.01,42643681,3855
Montana,3628,1495,36949,20879,495.64,7611507,644
Nebraska,6152,2432,33456,25125,344.52,8405625,645
Nevada,15401,10108,325955,178945,450.71,83303613,4275
New Hampshire,4505,1661,34502,28066,280.49,7279789,452
New Jersey,60854,25093,511759,426892,484.48,184516259,8788
New Mexico,16627,4345,113825,101383,336.57,32333026,3440
New York,121594,46942,1586892,1222492,373.71,375382971,22193
North Carolina,42116,12161,200494,147240,244.77,34653399,6659
North Dakota,2321,869,15068,14329,454.75,6395118,580
Ohio,65480,23391,421325,252260,376.92,91644572,111
Oklahoma,43864,16500,149594,539313,306.83,165447909,44400
Oregon,31040,12337,215391,159148,377.11,60265408,2377
Pennsylvania,111331,32742,988719,541467,394.40,189520292,12941
Puerto Rico,9715,7923,136750,85443,200.19,16656602,1821
Rhode Island,38237,12368,92843,65095,389.32,23884843,1030
South Carolina,12866,7731,179642,101793,242.94,24802286,3421
South Dakota,1129,326,9442,5145,335.94,1653010,108
Tennessee,31525,12841,244463,163347,215.14,34701767,4338
Texas,109102,38947,915846,619770,412.79,236002289,48441
Utah,13520,3173,64410,42545,421.63,17420122,1226
Vermont,1892,1758,42479,31732,366.14,9458698,418
Virgin Islands,860,211,3545,3451,466.42,1505704,469
Virginia,39867,23384,272871,172304,290.47,48509251,4460
Washington,56073,15590,296018,266980,485.13,113965230,8224
West Virginia,18638,3111,78581,48579,267.44,12405246,1014
Wisconsin,42108,4928,314769,238954,297.83,60770398,5184
Wyoming,2200,800,15018,12865,417.94,5244350,358
United States,2180777,752154,15736709,12270097,343.42,3917565969,370545
Alabama,40596,4256,83846,46386,260.53,11848382,3401
Alaska,7072,1979,34296,38227,259.44,9489966,489
Arizona,16503,8722,198178,171860,236.63,39934143,4618
Arkansas,9043,3588,87894,42087,228.34,8953298,1387
California,254295,130172,2647793,2470384,318.16,727070197,62379
Colorado,42400,11707,237797,248731,386.75,95168748,4760
Connecticut,22941,10666,233924,263005,344.32,79708605,5130
Delaware,42489,2243,61384,26295,302.16,7744736,594
District of Columbia,9225,2719,66021,59274,365.57,19059081,1422
Florida,51007,14878,392617,263897,241.81,62464693,13980
Georgia,101264,17708,649170,361854,279.36,94831796,5741
Hawaii,9942,2859,71168,57266,496.12,26365059,1169
Idaho,5460,1569,25282,19293,340.98,6133924,816
Illinois,134881,48226,827704,863742,360.88,308491320,21389
Indiana,31458,8947,202599,159646,254.25,39716606,3091
Iowa,9595,5128,108133,82559,401.62,30673186,1943
Kansas,8856,3209,67112,55433,409.69,22149601,1290
Kentucky,24448,3892,101933,93362,392.58,36653224,1112
Louisiana,20142,10043,210370,206376,177.07,35788344,2626
Maine,4255,1736,43830,42559,339.44,13679104,962
Maryland,434107,9263,196382,106923,337.66,34214153,2468
Massachusetts,38273,13281,280300,309294,503.55,144525114,8293
Michigan,39022,24813,404853,340126,327.70,101354419,11686
Minnesota,26646,12193,260761,254159,415.22,99250013,7276
Mississippi,9218,5074,121575,82039,199.10,15158801,1427
Missouri,19815,11519,214786,186865,263.25,46903262,4547
Montana,3159,1218,29081,22913,446.03,7787088,605
Nebraska,7285,1836,28939,27372,336.03,8945906,665
Nevada,10248,6923,233903,163321,445.33,72298012,4310
New Hampshire,3567,923,27721,21659,294.78,5953034,412
New Jersey,44618,21562,553329,448791,485.18,194130544,8527
New Mexico,15099,2845,76168,68444,345.55,22696904,1812
New York,104177,43652,1257282,1394204,370.79,417456355,30189
North Carolina,28214,8532,157241,116456,249.87,28175130,4728
North Dakota,2195,951,16234,14815,438.25,6388596,547
Ohio,54637,17379,313618,237105,371.84,85282738,67
Oklahoma,40032,16227,134728,462294,307.54,142144648,42726
Oregon,26118,10597,240425,183365,382.84,69949488,2764
Pennsylvania,146209,27343,709584,471693,392.77,173350317,10334
Puerto Rico,26781,8853,139646,120516,197.29,23339658,1902
Rhode Island,37208,11141,84912,83856,399.05,31962827,1114
South Carolina,8991,5038,141306,86724,248.53,21645151,2578
South Dakota,1018,369,7782,5191,329.73,1639473,104
Tennessee,26512,12091,212052,194510,215.29,41389934,4654
Texas,94306,36451,853924,734120,411.26,281318681,23082
Utah,10053,2677,46288,37745,422.58,15478268,1103
Vermont,2192,1094,26404,27510,372.59,8403542,395
Virgin Islands,589,138,3204,3344,486.91,1575723,1192
Virginia,35000,20436,188547,165203,287.39,46213830,4972
Washington,101803,23258,295066,235806,481.49,99674889,6149
West Virginia,6675,2600,58788,52325,261.16,13063342,1221
Wisconsin,36015,3819,228330,175448,294.67,44062566,3468
Wyoming,1646,653,11192,11987,407.57,4788176,330
United States,2287300,658996,13905402,12418359,344.56,3986444595,333946
Alabama,39560,5721,53876,43189,258.90,10944139,3467
Alaska,6470,1104,26066,24028,262.10,6077571,660
Arizona,14975,7770,170704,138093,235.57,32028264,4457
Arkansas,8078,4210,79224,38500,221.70,8169787,1001
California,266244,115439,2843448,2651703,316.92,772316834,70755
Colorado,48018,11610,234382,247143,373.67,91633412,7927
Connecticut,16816,8874,197484,186907,350.54,57522477,4082
Delaware,8658,792,41151,17380,291.80,4933542,417
District of Columbia,10540,2084,60870,47875,364.36,15252930,1118
Florida,48499,13318,350444,227427,245.92,54832837,13019
Georgia,58811,12897,467495,192935,290.78,52789821,3964
Hawaii,11127,2267,55914,50898,490.16,22285368,1184
Idaho,4849,1791,21312,16678,334.24,5332030,606
Illinois,102695,45739,776970,741039,358.13,263057620,14143
Indiana,127974,6484,156010,127576,253.19,31639376,1734
Iowa,8362,3710,73069,61116,396.97,22806572,1711
Kansas,11244,3192,56567,55281,406.37,21983522,1270
Kentucky,26224,3793,81714,75455,379.08,28638191,1181
Louisiana,17718,6033,190474,170293,177.65,29698545,3883
Maine,3898,1965,36710,32151,340.39,10415262,1108
Maryland,82470,5440,152340,101247,339.19,32770080,2574
Massachusetts,32921,12545,267131,259893,496.16,120713981,6889
Michigan,71152,20237,336821,256708,329.46,78427979,5945
Minnesota,21817,7964,231642,198895,416.23,77824262,5937
Mississippi,10980,3270,89707,59549,199.96,11344949,1087
Missouri,33536,6726,174748,130730,255.86,32236341,2808
Montana,2255,890,23588,12963,448.82,5075091,411
Nebraska,6432,1455,29685,21344,331.44,6923696,529
Nevada,9796,6165,195967,157479,334.38,53711808,4831
New Hampshire,4634,1024,27009,16585,285.06,4487430,349
New Jersey,52525,28132,624459,505519,476.38,219203429,9797
New Mexico,14478,2925,70293,62691,351.54,21239315,2124
New York,104551,39177,1166254,1102697,370.90,331087637,24077
North Carolina,44921,7334,146355,106661,250.75,25942714,5569
North Dakota,1609,948,12209,11622,423.96,4883135,434
Ohio,44180,8451,252011,166804,368.19,59930313,3043
Oklahoma,20656,5700,132651,119583,332.48,39119721,5614
Oregon,20912,9082,178240,137344,388.59,52916827,2129
Pennsylvania,228746,52593,595607,597031,366.32,207206440,9748
Puerto Rico,31732,8817,161620,129481,196.16,24913069,2190
Rhode Island,43010,4297,63968,48944,362.05,16843371,970
South Carolina,8586,5503,165467,72140,245.24,17786825,1940
South Dakota,839,314,6438,4136,329.82,1311630,67
Tennessee,26553,6810,186445,136174,216.96,29324091,5480
Texas,151818,41516,800948,571615,411.33,222457191,26582
Utah,6740,2953,46835,33256,415.50,13487471,1006
Vermont,1599,917,22198,20058,378.21,6404592,303
Virgin Islands,730,224,4566,3604,499.15,1740420,1217
Virginia,26400,21046,150506,143044,289.49,40341552,5570
Washington,44055,12817,280778,239937,476.51,100964454,5206
West Virginia,4024,2649,47933,38421,255.17,9529342,928
Wisconsin,47867,3558,208760,162497,289.31,40397450,2999
Wyoming,1217,555,8837,8374,403.01,3303967,225
United States,2044501,590827,12835900,10782693,343.67,3456208673,286265
Alabama,22572,3388,56526,33483,250.27,8199048,2520
Alaska,5964,1046,24491,22226,269.37,5789042,786
Arizona,13409,6166,170543,132931,236.06,31015607,4310
Arkansas,7627,2393,83501,37180,227.57,8017967,1713
California,278694,99257,2762194,2570271,318.99,759216691,67913
Colorado,45812,6922,231479,224675,375.06,83517963,6087
Connecticut,15473,7008,211874,206538,349.89,64544896,3375
Delaware,5178,849,34720,16685,280.10,4553732,362
District of Columbia,8727,2524,82213,53705,368.03,17639682,954
Florida,40332,12999,309911,182608,245.08,43809417,10638
Georgia,47872,11987,402979,191649,296.29,54640249,4266
Hawaii,10640,2481,63952,52206,499.08,24233705,891
Idaho,4077,1229,19719,15144,343.62,4945319,645
Illinois,89966,28964,812568,766515,355.22,269647967,12442
Indiana,47805,10040,175034,136521,260.82,34880212,2704
Iowa,7754,3773,70977,53530,402.90,20269114,1609
Kansas,9717,2453,54816,50795,412.72,20589874,1597
Kentucky,10170,2868,68953,62099,360.45,22416243,1072
Louisiana,9919,4234,175295,149721,180.67,26696451,2525
Maine,3259,1172,36825,32688,346.62,10757690,1201
Maryland,83215,5432,174968,112123,341.50,36743771,2267
Massachusetts,20395,10158,294629,269612,496.51,125970406,7245
Michigan,41982,20680,412485,283282,332.59,88342908,9612
Minnesota,23790,7393,246799,208177,416.53,81430005,7536
Mississippi,9575,1896,74871,49052,201.22,9472778,1292
Missouri,24850,5776,148625,118143,252.13,28600347,5466
Montana,2048,638,21305,12951,443.99,5078357,449
Nebraska,4256,1068,24411,19769,342.74,6591779,547
Nevada,7826,5252,159615,98934,450.73,45414062,5238
New Hampshire,2602,877,21017,15321,292.35,4261158,256
New Jersey,43900,12245,573927,483916,473.40,212948664,10184
New Mexico,17801,2629,77478,68545,352.36,23070612,1438
New York,76941,32741,1264252,1209877,369.62,364938665,22089
North Carolina,27545,6815,155595,110327,254.29,27204461,7412
North Dakota,1252,509,11519,10592,420.22,4372687,393
Ohio,46681,8205,249507,182969,373.95,66739753,3807
Oklahoma,13617,4432,124414,108616,351.87,37324248,5474
Oregon,25668,8603,194528,143110,408.26,57756127,1952
Pennsylvania,43017,22666,529836,512836,374.79,180640689,8752
Puerto Rico,9064,6891,168558,158625,195.06,30360675,2289
Rhode Island,16977,2847,62802,51080,363.28,17651178,1297
South Carolina,6334,3742,145877,71741,248.60,17907841,3619
South Dakota,701,220,5663,4160,341.45,1351875,63
Tennessee,24393,6001,174007,123251,223.66,27347180,6081
Texas,103867,34782,797350,569849,410.66,222073048,14167
Utah,7703,2538,44814,33724,425.73,14037258,1023
Vermont,1508,691,22524,19116,387.06,6290492,322
Virgin Islands,562,272,4023,3541,537.45,1822906,1812
Virginia,49863,16132,193514,115196,299.70,33627145,5036
Washington,41671,10502,266802,218940,483.08,94510231,4699
West Virginia,4876,2285,47763,39908,266.93,10338152,732
Wisconsin,32516,3332,232109,174821,288.77,42948105,3706
Wyoming,1202,442,8411,8309,409.74,3350863,237
United States,1503165,460445,12782568,10601583,347.81,3445899295,274102
Alabama,17862,3404,38216,30808,252.26,7624451,1994
Alaska,4951,1588,24399,17504,268.76,4558793,629
Arizona,22784,4329,112616,93967,236.23,21942224,3714
Arkansas,6339,1707,60220,24481,253.80,5907865,890
California,278170,87945,2155882,1974637,319.22,587764873,82637
Colorado,14878,7763,173107,143831,398.51,56858579,5521
Connecticut,11351,8395,126654,128490,369.68,41989135,4178
Delaware,4428,721,21616,12026,310.65,3639961,317
District of Columbia,22343,1062,58797,27052,376.56,9602770,796
Florida,74977,15333,230702,136871,246.13,33114533,6449
Georgia,28835,9902,308125,141809,297.05,40374721,3713
Hawaii,13478,3077,59979,44773,500.50,20920562,1196
Idaho,3356,825,13245,8832,366.16,3102051,428
Illinois,40350,39536,708333,584703,351.00,203190057,25263
Indiana,20667,5378,147548,100718,255.94,25328780,3104
Iowa,7176,3118,42501,43795,427.80,17623448,1445
Kansas,6822,1696,39498,35918,409.93,14465819,1346
Kentucky,13813,2474,53204,47870,359.76,17277808,1012
Louisiana,35725,14068,160876,152507,184.96,27935074,4519
Maine,2324,1648,28271,20007,345.22,6526403,743
Maryland,51582,5443,169514,111124,345.45,37053614,2417
Massachusetts,22235,20939,228835,263546,504.98,123338485,5833
Michigan,60588,15476,276997,208278,332.25,65774958,12109
Minnesota,21334,18722,226408,162799,419.14,64757851,5532
Mississippi,6627,1282,49879,30704,203.64,5982323,1012
Missouri,19050,3379,105075,84200,275.49,22261106,3199
Montana,2155,416,13368,7571,500.39,3242290,310
Nebraska,4894,616,16428,10975,361.11,3886313,401
Nevada,6852,6181,144218,103875,298.79,32798884,4069
New Hampshire,1868,830,12358,10140,308.44,2994798,263
New Jersey,31144,19503,510882,391004,476.20,172789577,17880
New Mexico,10297,2933,56450,46781,351.62,15957123,1907
New York,64516,38789,887385,861733,371.41,269442662,32874
North Carolina,52068,12702,169975,93694,231.51,21126167,4314
North Dakota,1065,291,6848,5778,450.24,2551151,326
Ohio,41389,6404,189830,133674,381.11,49668952,4286
Oklahoma,9701,2813,77960,70203,347.32,23775125,3720
Oregon,24655,12113,185187,115607,402.72,45884420,3506
Pennsylvania,79012,23043,433256,401913,399.07,152688227,9845
Puerto Rico,4406,4831,152562,119887,195.73,22948302,2857
Rhode Island,13392,1519,40805,32095,387.55,11739851,1102
South Carolina,6726,3754,97262,53084,266.29,13684095,2368
South Dakota,626,153,4192,2483,371.70,891125,53
Tennessee,29895,3559,117508,86317,232.19,19881755,4137
Texas,80203,24762,627712,461766,418.23,184063203,12532
Utah,5155,1824,31029,25023,438.72,10743902,952
Vermont,1747,950,13575,12913,398.38,4410582,427
Virgin Islands,417,165,3742,3660,548.47,1973483,1491
Virginia,37355,13756,191578,85248,302.64,25363729,3453
Washington,53103,10782,237574,185664,507.36,84652591,8645
West Virginia,3821,1555,32531,30693,283.10,8458030,882
Wisconsin,30472,4242,146251,103269,304.90,26674420,2838
Wyoming,1100,349,5919,5677,415.01,2312715,178
United States,1410079,478045,10026882,8091977,352.04,2683519716,305612
Alabama,15349,3393,30601,26259,252.97,6525944,1520
Alaska,5717,1260,23714,18099,266.56,4707887,364
Arizona,12970,3068,91116,65212,235.87,15201399,3383
Arkansas,5941,1930,50408,22359,257.58,5479978,1201
California,271921,104025,2104136,1860086,308.82,541167580,75634
Colorado,16667,4144,134068,115409,405.85,46541852,4891
Connecticut,10167,4424,109570,92522,383.75,32334646,3276
Delaware,2837,659,17570,12269,310.26,3413327,325
District of Columbia,20302,3020,82370,33255,394.91,12629556,844
Florida,67176,16513,226227,158563,240.65,37540946,53315
Georgia,27310,8885,282696,143316,307.78,43021103,5198
Hawaii,8312,2391,54454,41631,476.71,18745346,1341
Idaho,3805,1027,13227,8986,371.98,3196913,332
Illinois,32103,11736,524617,411712,350.78,143010581,16593
Indiana,38241,4010,126517,81980,256.60,20695291,4218
Iowa,8304,2547,36117,30443,443.58,12766521,908
Kansas,5873,1658,30523,31092,411.82,12571475,1258
Kentucky,17407,2128,49563,45506,371.68,16937604,876
Louisiana,11289,5163,109750,108335,187.97,20144661,5825
Maine,2793,614,21280,15147,346.74,4970738,497
Maryland,23607,5366,127905,111588,349.93,37550930,2174
Massachusetts,21521,9521,241915,208981,518.70,102489721,3156
Michigan,71791,10670,217996,155370,335.90,50454292,5517
Minnesota,21392,6146,211011,153154,409.05,59703335,4684
Mississippi,5469,1035,34130,22371,204.79,4384700,1067
Missouri,20117,3015,75353,53459,268.50,13740966,2357
Montana,3223,570,14014,7124,473.39,2985355,273
Nebraska,4063,624,14376,10151,367.33,3643156,372
Nevada,6538,3039,131573,80644,343.29,26450625,3170
New Hampshire,2049,655,9815,7239,320.19,2227419,207
New Jersey,32447,7800,416525,297711,482.17,133017801,11818
New Mexico,11628,2182,58760,47644,345.16,16080272,2100
New York,60858,27552,745996,663659,372.59,208281638,25461
North Carolina,24967,4449,140412,88420,226.08,19573868,5198
North Dakota,1166,286,5277,4319,472.41,2011034,248
Ohio,33507,6188,173399,106653,386.03,40161545,3473
Oklahoma,9917,2792,72566,61222,339.02,20239607,2937
Oregon,17973,4963,139605,106366,392.04,41059457,3558
Pennsylvania,45555,14277,435595,304082,408.93,119209706,8795
Puerto Rico,3933,4009,131902,108393,195.47,20636784,4065
Rhode Island,7139,1308,33402,25163,399.32,9578922,881
South Carolina,6069,3260,77738,46992,266.38,12183733,2189
South Dakota,739,139,3016,1914,380.89,708214,35
Tennessee,25197,2226,89763,56573,235.87,13230150,3200
Texas,71236,25733,560516,393098,415.37,155578828,13688
Utah,5697,1495,30057,19514,446.74,8534115,775
Vermont,1722,737,9626,9132,407.70,3326424,276
Virgin Islands,352,117,3364,3183,565.18,1781020,1047
Virginia,19660,4888,180602,57579,299.84,17029360,3069
Washington,35746,9906,186453,156815,527.92,76453661,4843
West Virginia,3461,1297,28416,24799,286.25,6898842,670
Wisconsin,26440,4658,121835,83448,310.02,22389955,2715
Wyoming,1686,459,6284,5485,424.57,2290995,159
United States,1211349,353957,8847721,6804426,350.24,2255489778,305976
Alabama,14771,3493,29023,28606,252.76,7127493,1816
Alaska,5998,2257,26140,27525,275.57,7428104,684
Arizona,11178,2837,70736,54598,235.61,12705627,2516
Arkansas,6221,1920,52021,18758,274.65,4888849,754
California,234790,71473,1840562,1563172,313.69,465676555,58557
Colorado,14220,3994,121494,107847,413.34,44245324,3487
Connecticut,12927,5060,92027,96844,403.96,35470500,2701
Delaware,3434,636,17343,11071,310.95,3360377,305
District of Columbia,8975,2080,62938,28125,389.23,10480722,709
Florida,24322,9390,181949,125113,241.77,29801360,3739
Georgia,17194,4134,210594,81790,307.64,24542420,3405
Hawaii,7119,2246,52027,42435,487.82,19507937,1068
Idaho,5799,1600,17060,11666,370.66,4134678,412
Illinois,46329,14604,482349,423149,354.93,148788961,13660
Indiana,22537,4495,107923,75266,259.32,19227880,2246
Iowa,9982,2691,48200,29593,445.80,12513463,804
Kansas,6175,1601,35434,30615,422.56,12718666,1073
Kentucky,12592,1906,60421,53479,399.75,21361659,719
Louisiana,7689,2841,80251,84535,194.62,16239810,3936
Maine,3855,1289,22462,18545,356.73,6215032,473
Maryland,15280,5190,102148,120254,345.02,40219410,2365
Massachusetts,31175,11959,231043,226820,538.39,116446770,5043
Michigan,50150,9746,230610,147498,443.74,63452531,5534
Minnesota,36661,11400,227179,186340,431.45,76878638,5509
Mississippi,5200,956,27371,18236,208.43,3637794,647
Missouri,15568,3332,68983,60873,275.03,16084266,2561
Montana,4754,1352,19365,12034,433.21,4655149,437
Nebraska,3841,634,13796,9827,375.11,3606357,367
Nevada,10087,3190,103386,81922,349.70,27278681,3105
New Hampshire,2180,574,9787,7246,324.42,2258172,171
New Jersey,34317,8140,400267,266145,488.46,120660315,10050
New Mexico,7122,2085,51739,40004,349.25,13679347,1098
New York,72473,28430,623323,699961,376.09,223286614,16533
North Carolina,21182,3754,107627,62025,230.33,14017614,2843
North Dakota,2831,869,8694,6896,478.97,3278104,265
Ohio,34283,6946,154903,105355,396.60,40912489,2940
Oklahoma,8881,3308,58040,54182,353.32,18657659,2204
Oregon,20302,6758,151807,118321,409.52,47772977,3100
Pennsylvania,39214,8525,394978,298276,418.23,119652231,8372
Puerto Rico,3357,2870,92843,88097,194.94,16759279,4286
Rhode Island,3745,1412,35400,27601,399.94,10543531,918
South Carolina,5121,2791,56773,33468,272.82,8801171,1698
South Dakota,1108,247,4318,2933,375.51,1083457,63
Tennessee,18013,2211,73263,48569,243.54,11726930,2383
Texas,66705,27054,524101,401014,426.64,163238457,13904
Utah,6088,2238,30105,22964,455.37,10250272,722
Vermont,2986,734,11393,9004,413.15,3378859,174
Virgin Islands,233,196,3740,3711,588.28,2157811,603
Virginia,76364,10825,53985,74513,273.18,19598971,3732
Washington,34681,10927,197862,148934,536.65,74320292,3382
West Virginia,3999,1825,30286,29661,299.35,8606546,630
Wisconsin,35194,7073,128082,86149,315.59,23826918,2113
Wyoming,2024,871,8033,8504,423.64,3546579,175
United States,1151226,328969,7846184,6420069,364.68,2220709608,210991
Alabama,11766,3101,29529,26029,251.83,6474745,1360
Alaska,5141,1947,28225,28743,282.11,7968410,256
Arizona,8058,2608,46365,40224,236.44,9402712,1211
Arkansas,7286,2054,40136,16798,275.52,4431114,581
California,237737,74233,1704533,1424094,320.39,436991028,51124
Colorado,14953,5857,123219,100235,420.49,41820719,3453
Connecticut,24298,8445,97434,95140,420.53,36330904,1911
Delaware,3583,834,16639,11289,300.06,3304341,218
District of Columbia,5358,870,31992,19296,389.08,7116572,589
Florida,22984,9666,204467,146147,243.06,34880853,5285
Georgia,16922,4718,97438,68080,312.92,20684447,1986
Hawaii,7764,2017,39400,36745,490.41,17018628,779
Idaho,8619,2713,24453,17187,368.56,6067311,402
Illinois,61680,23932,441350,401641,385.09,153554613,10551
Indiana,27640,4051,106759,65101,269.36,17309433,1571
Iowa,17762,7560,62543,61696,451.60,26730595,1103
Kansas,7507,2288,31947,31424,424.86,13158997,924
Kentucky,14339,2214,44434,42068,371.44,15647694,621
Louisiana,7663,2663,67755,69068,193.96,13232422,2590
Maine,4976,1903,25878,20803,372.33,7350925,472
Maryland,23291,5327,95524,104430,347.22,35263297,2518
Massachusetts,40184,15265,240182,226691,555.83,121852526,4534
Michigan,61798,14427,223847,153801,335.90,50193471,6463
Minnesota,44930,18703,268228,215787,471.62,98168535,5186
Mississippi,5640,998,25440,15160,210.38,3262903,521
Missouri,28871,3739,74430,60995,274.89,16248374,1979
Montana,5277,2288,25496,17239,456.20,7093706,376
Nebraska,5483,1008,15842,10343,378.31,3839508,252
Nevada,10762,3545,88970,68019,364.93,22745370,2550
New Hampshire,3058,793,10035,8970,302.79,2544319,164
New Jersey,49738,10956,422710,268359,495.15,123718982,9989
New Mexico,7078,2334,49300,37829,348.94,12976190,1038
New York,81083,32455,769329,632417,382.45,211437021,14433
North Carolina,12780,2642,84309,48698,233.26,11161106,4310
North Dakota,3903,1835,14675,12645,486.80,6112730,377
Ohio,43735,11299,168606,120734,408.66,48480141,2217
Oklahoma,8194,2962,51801,47943,346.36,16225928,3649
Oregon,22390,6849,126706,104029,415.55,42631648,2272
Pennsylvania,54106,12440,328152,227367,424.66,92194911,5573
Puerto Rico,4279,2276,75377,63513,195.75,12088535,2578
Rhode Island,6742,1945,31799,25231,405.45,9826843,633
South Carolina,6787,2795,48853,29688,273.84,7891410,1246
South Dakota,1954,676,7137,4910,397.17,1920661,50
Tennessee,19744,3477,61257,36764,234.93,8554238,1506
Texas,63379,25691,483104,399288,437.35,167367060,12561
Utah,7436,2948,32541,25224,454.10,11235651,574
Vermont,3628,1326,13467,12348,422.73,4870469,153
Virgin Islands,185,111,3920,3498,593.71,2061812,468
Virginia,15982,30837,154257,70954,360.48,25579040,911
Washington,41616,14579,206331,178840,547.40,91824717,3472
West Virginia,5610,2409,34251,31469,300.21,9219532,681
Wisconsin,39547,11356,149747,104186,327.88,30736263,1660
Wyoming,2150,878,8352,8791,425.30,3689009,152
United States,1247376,414843,7658471,6097968,376.45,2192492369,182033